raw_value,plist_type,domain,policy,source_path
1,int,com.apple.coremedia,MediaPlayback,/System/Library/LifecyclePolicy/DomainAttributes/com.apple.coremedia.plist
1,int,com.apple.mediaexperience,MediaPlayback,/System/Library/LifecyclePolicy/DomainAttributes/com.apple.mediaexperience.plist
2,int,com.apple.maps,ActiveNavigation,/System/Library/LifecyclePolicy/DomainAttributes/com.apple.maps.plist
3,int,com.apple.iapd,ExternalAccessory,/System/Library/LifecyclePolicy/DomainAttributes/com.apple.iapd.plist
4,int,com.apple.AppStoreComponents,ViewService.postEvents,/System/Library/LifecyclePolicy/DomainAttributes/com.apple.AppStoreComponents.plist
4,int,com.apple.PosterKit,FinishRender,/System/Library/LifecyclePolicy/DomainAttributes/com.apple.PosterKit.plist
4,int,com.apple.PosterKit,FinishRenderEntitled,/System/Library/LifecyclePolicy/DomainAttributes/com.apple.PosterKit.plist
4,int,com.apple.cameracapture,HoldingBuffer,/System/Library/LifecyclePolicy/DomainAttributes/com.apple.cameracapture.plist
4,int,com.apple.common,FinishTaskCanSleep,/System/Library/LifecyclePolicy/DomainAttributes/com.apple.common.plist
4,int,com.apple.common,FinishTaskInterruptable,/System/Library/LifecyclePolicy/DomainAttributes/com.apple.common.plist
4,int,com.apple.common,FinishTaskNow,/System/Library/LifecyclePolicy/DomainAttributes/com.apple.common.plist
4,int,com.apple.common,FinishTaskUninterruptable,/System/Library/LifecyclePolicy/DomainAttributes/com.apple.common.plist
4,int,com.apple.coremedia,AssetDownload,/System/Library/LifecyclePolicy/DomainAttributes/com.apple.coremedia.plist
7,int,com.apple.FileProvider,FileProviderForeground,/System/Library/LifecyclePolicy/DomainAttributes/com.apple.FileProvider.plist
7,int,com.apple.dt.xctest,AppHostedUnitTests,/System/Library/LifecyclePolicy/DomainAttributes/com.apple.dt.xctest.plist
7,int,com.apple.dt.xctest,UIAutomationTargetApp,/System/Library/LifecyclePolicy/DomainAttributes/com.apple.dt.xctest.plist
7,int,com.apple.dt.xctest,XCUIAutomationTestRunner,/System/Library/LifecyclePolicy/DomainAttributes/com.apple.dt.xctest.plist
9,int,com.apple.uikit,ViewService-AppSession,/System/Library/LifecyclePolicy/DomainAttributes/com.apple.uikit.plist
11,int,com.apple.cfnetwork,BackgroundDownload,/System/Library/LifecyclePolicy/DomainAttributes/com.apple.cfnetwork.plist
11,int,com.apple.dasd,BackgroundDownload,/System/Library/LifecyclePolicy/DomainAttributes/com.apple.dasd.plist
11,int,com.apple.watchconnectivity,BackgroundDownload,/System/Library/LifecyclePolicy/DomainAttributes/com.apple.watchconnectivity.plist
13,int,com.apple.chronod,WidgetExtensionRun,/System/Library/LifecyclePolicy/DomainAttributes/com.apple.chronod.plist
13,int,com.apple.chronod,WidgetExtensionRun-QOS-Default,/System/Library/LifecyclePolicy/DomainAttributes/com.apple.chronod.plist
13,int,com.apple.extensionkit,BackgroundAppExtension,/System/Library/LifecyclePolicy/DomainAttributes/com.apple.extensionkit.plist
13,int,com.apple.extensionkit,HandleMessage,/System/Library/LifecyclePolicy/DomainAttributes/com.apple.extensionkit.plist
13,int,com.apple.extensionkit,ServiceExtensionRun,/System/Library/LifecyclePolicy/DomainAttributes/com.apple.extensionkit.plist
13,int,com.apple.uikit,ViewService-ExtensionSession,/System/Library/LifecyclePolicy/DomainAttributes/com.apple.uikit.plist
13,int,com.apple.webkit,Background,/System/Library/LifecyclePolicy/DomainAttributes/com.apple.webkit.plist
13,int,com.apple.webkit,DependentProcessLink,/System/Library/LifecyclePolicy/DomainAttributes/com.apple.webkit.plist
13,int,com.apple.webkit,Foreground,/System/Library/LifecyclePolicy/DomainAttributes/com.apple.webkit.plist
13,int,com.apple.webkit,IndefiniteBackground,/System/Library/LifecyclePolicy/DomainAttributes/com.apple.webkit.plist
13,int,com.apple.webkit,MediaPlayback,/System/Library/LifecyclePolicy/DomainAttributes/com.apple.webkit.plist
13,int,com.apple.webkit,Suspended,/System/Library/LifecyclePolicy/DomainAttributes/com.apple.webkit.plist
15,int,com.apple.dasd,HealthLaunch,/System/Library/LifecyclePolicy/DomainAttributes/com.apple.dasd.plist
17,int,com.apple.frontboard,SceneSnapshotAction,/System/Library/LifecyclePolicy/DomainAttributes/com.apple.frontboard.plist
21,int,com.apple.locationd,FenceEvent,/System/Library/LifecyclePolicy/DomainAttributes/com.apple.locationd.plist
21,int,com.apple.locationd,Location,/System/Library/LifecyclePolicy/DomainAttributes/com.apple.locationd.plist
22,int,com.apple.FileProvider,FileProviderBackground,/System/Library/LifecyclePolicy/DomainAttributes/com.apple.FileProvider.plist
22,int,com.apple.sensorkit,BackgroundDataFetch,/System/Library/LifecyclePolicy/DomainAttributes/com.apple.sensorkit.plist
23,int,com.apple.AVAudioDeviceTestService,AudioPlaybackAndRecording,/System/Library/LifecyclePolicy/DomainAttributes/com.apple.AVAudioDeviceTestService.plist
23,int,com.apple.mediaexperience,AudioRecording,/System/Library/LifecyclePolicy/DomainAttributes/com.apple.mediaexperience.plist
100,int,com.apple.dasd,BGAppRefreshTask,/System/Library/LifecyclePolicy/DomainAttributes/com.apple.dasd.plist
101,int,com.apple.dasd,BGProcessingTask-Unrestricted,/System/Library/LifecyclePolicy/DomainAttributes/com.apple.dasd.plist
102,int,com.apple.dasd,BGProcessingTask-Restricted,/System/Library/LifecyclePolicy/DomainAttributes/com.apple.dasd.plist
103,int,com.apple.dasd,BGProcessingTask-ExposureNotification,/System/Library/LifecyclePolicy/DomainAttributes/com.apple.dasd.plist
103,int,com.apple.dasd,BGProcessingTask-HealthResearch,/System/Library/LifecyclePolicy/DomainAttributes/com.apple.dasd.plist
10000,int,com.apple.frontboard,MaintainSelfForFGHosting,/System/Library/LifecyclePolicy/DomainAttributes/com.apple.frontboard.plist
10000,int,com.apple.frontboard,SuspendableLPRunReason-Resume,/System/Library/LifecyclePolicy/DomainAttributes/com.apple.frontboard.plist
10000,int,com.apple.frontboard,SystemShell-Initialize,/System/Library/LifecyclePolicy/DomainAttributes/com.apple.frontboard.plist
10000,int,com.apple.fuseboard,Focused,/System/Library/LifecyclePolicy/DomainAttributes/com.apple.fuseboard.plist
10000,int,com.apple.fuseboard,Frontmost,/System/Library/LifecyclePolicy/DomainAttributes/com.apple.fuseboard.plist
10000,int,com.apple.fuseboard,Occluded,/System/Library/LifecyclePolicy/DomainAttributes/com.apple.fuseboard.plist
10000,int,com.apple.fuseboard,Visible,/System/Library/LifecyclePolicy/DomainAttributes/com.apple.fuseboard.plist
10000,int,com.apple.viewbridge,ViewServiceIsBackingRemoteView,/System/Library/LifecyclePolicy/DomainAttributes/com.apple.viewbridge.plist
10001,int,com.apple.frontboard,AfterLife-Interrupted,/System/Library/LifecyclePolicy/DomainAttributes/com.apple.frontboard.plist
10001,int,com.apple.frontboard,GracefulTermination,/System/Library/LifecyclePolicy/DomainAttributes/com.apple.frontboard.plist
10001,int,com.apple.frontboard,MaintainSelfForBGHosting,/System/Library/LifecyclePolicy/DomainAttributes/com.apple.frontboard.plist
10001,int,com.apple.frontboard,SuspendableLPRunReason-Suspend,/System/Library/LifecyclePolicy/DomainAttributes/com.apple.frontboard.plist
10004,int,com.apple.taptoradar,RadarProcessing,/System/Library/LifecyclePolicy/DomainAttributes/com.apple.taptoradar.plist
10004,int,com.apple.webkit,UnboundedNetworking,/System/Library/LifecyclePolicy/DomainAttributes/com.apple.webkit.plist
10005,int,com.apple.frontboard,SystemShell,/System/Library/LifecyclePolicy/DomainAttributes/com.apple.frontboard.plist
10005,int,com.apple.underlying,defaultUnderlyingAppAssertion,/System/Library/LifecyclePolicy/DomainAttributes/com.apple.underlying.plist
10008,int,com.apple.pictureinpicture,PIPVisible,/System/Library/LifecyclePolicy/DomainAttributes/com.apple.pictureinpicture.plist
10008,int,com.apple.pictureinpicture,PIPVisibleLegacy,/System/Library/LifecyclePolicy/DomainAttributes/com.apple.pictureinpicture.plist
10010,int,com.apple.photos,UpdateWallpaperPhotoLibrary,/System/Library/LifecyclePolicy/DomainAttributes/com.apple.photos.plist
20001.0,float,com.apple.speed,NetworkPerformanceTest,/System/Library/LifecyclePolicy/DomainAttributes/com.apple.speed.plist
20003,int,com.apple.dasd,DYLDLaunch,/System/Library/LifecyclePolicy/DomainAttributes/com.apple.dasd.plist
20004,int,com.apple.common,BannerRequest,/System/Library/LifecyclePolicy/DomainAttributes/com.apple.common.plist
20005.0,float,com.apple.PassbookUIService,LaunchAssist,/System/Library/LifecyclePolicy/DomainAttributes/com.apple.PassbookUIService.plist
20006,int,com.apple.xcodepreviews,ActivePreviewSession,/System/Library/LifecyclePolicy/DomainAttributes/com.apple.xcodepreviews.plist
20007,int,com.apple.CaptiveNetworkSupport,HotspotHelper,/System/Library/LifecyclePolicy/DomainAttributes/com.apple.CaptiveNetworkSupport.plist
20009.0,float,com.apple.CoreAudio.HAL,AudioHAL,/System/Library/LifecyclePolicy/DomainAttributes/com.apple.CoreAudio.HAL.plist
20012,int,com.apple.photos,PowerController,/System/Library/LifecyclePolicy/DomainAttributes/com.apple.photos.plist
20015.0,float,com.apple.DesktopServicesHelper,FileCopy,/System/Library/LifecyclePolicy/DomainAttributes/com.apple.DesktopServicesHelper.plist
20018,int,com.apple.testing,KeepTargetRunning,/System/Library/LifecyclePolicy/DomainAttributes/com.apple.testing.plist
20019,int,com.apple.accessoryd,OneTime,/System/Library/LifecyclePolicy/DomainAttributes/com.apple.accessoryd.plist
20022,int,com.apple.callservicesd,GroupActivities,/System/Library/LifecyclePolicy/DomainAttributes/com.apple.callservicesd.plist
20025,int,com.apple.pictureinpicture,TransientTask,/System/Library/LifecyclePolicy/DomainAttributes/com.apple.pictureinpicture.plist
20026,int,com.apple.email,WakeClient,/System/Library/LifecyclePolicy/DomainAttributes/com.apple.email.plist
20201,int,com.apple.common,NonLaunchingAngelIPC,/System/Library/LifecyclePolicy/DomainAttributes/com.apple.common.plist
20201,int,com.apple.mediaremote,AngelIPC,/System/Library/LifecyclePolicy/DomainAttributes/com.apple.mediaremote.plist
20204,int,com.apple.dock,CopyMenu,/System/Library/LifecyclePolicy/DomainAttributes/com.apple.dock.plist
20206,int,com.apple.launchservicesd,LSNotification,/System/Library/LifecyclePolicy/DomainAttributes/com.apple.launchservicesd.plist
20206,int,com.apple.launchservicesd.gameconsole,LSNotification,/System/Library/LifecyclePolicy/DomainAttributes/com.apple.launchservicesd.gameconsole.plist
20207,int,com.apple.pluginkit,checkin,/System/Library/LifecyclePolicy/DomainAttributes/com.apple.pluginkit.plist
20208,int,com.apple.underlying,UnderlyingForegroundApp,/System/Library/LifecyclePolicy/DomainAttributes/com.apple.underlying.plist
20209,int,com.apple.underlying,UnderlyingDarwinRoleUI,/System/Library/LifecyclePolicy/DomainAttributes/com.apple.underlying.plist
20210,int,com.apple.appleevents,Send,/System/Library/LifecyclePolicy/DomainAttributes/com.apple.appleevents.plist
20211,int,com.apple.compass,Location,/System/Library/LifecyclePolicy/DomainAttributes/com.apple.compass.plist
20212,int,com.apple.coreos,reconnect,/System/Library/LifecyclePolicy/DomainAttributes/com.apple.coreos.plist
20213,int,com.apple.coreservices.useractivityd,ActivityAdvertising,/System/Library/LifecyclePolicy/DomainAttributes/com.apple.coreservices.useractivityd.plist
20214,int,com.apple.displayarchive,RenderClientProcessing,/System/Library/LifecyclePolicy/DomainAttributes/com.apple.displayarchive.plist
20216,int,com.apple.frontboard,WorkspaceReconnect,/System/Library/LifecyclePolicy/DomainAttributes/com.apple.frontboard.plist
20217,int,com.apple.music,MusicUIService,/System/Library/LifecyclePolicy/DomainAttributes/com.apple.music.plist
20218,int,com.apple.shortcuts,RunningBackground,/System/Library/LifecyclePolicy/DomainAttributes/com.apple.shortcuts.plist
20219,int,com.apple.siri,IntentStartupGrant,/System/Library/LifecyclePolicy/DomainAttributes/com.apple.siri.plist
20220,int,com.apple.siri,MediaQuotationIntentHandler,/System/Library/LifecyclePolicy/DomainAttributes/com.apple.siri.plist
20221,int,com.apple.uikit,SaveDocument,/System/Library/LifecyclePolicy/DomainAttributes/com.apple.uikit.plist
20222,int,com.apple.MGAgent,AppReview,/System/Library/LifecyclePolicy/DomainAttributes/com.apple.MGAgent.plist
20223,int,com.apple.location.testapps,Test,/System/Library/LifecyclePolicy/DomainAttributes/com.apple.location.testapps.plist
20225,int,com.apple.swiftuitracingsupport,Trace,/System/Library/LifecyclePolicy/DomainAttributes/com.apple.swiftuitracingsupport.plist
20226,int,com.apple.sociallayer,CollaborationHandshake,/System/Library/LifecyclePolicy/DomainAttributes/com.apple.sociallayer.plist
20232,int,com.apple.callservicesd,IPCHack,/System/Library/LifecyclePolicy/DomainAttributes/com.apple.callservicesd.plist
20234,int,com.apple.posterkit.provider,PosterPrewarm,/System/Library/LifecyclePolicy/DomainAttributes/com.apple.posterkit.provider.plist
20234,int,com.apple.posterkit.provider,PosterUpdate,/System/Library/LifecyclePolicy/DomainAttributes/com.apple.posterkit.provider.plist
20237,int,com.apple.siri,PlaySound,/System/Library/LifecyclePolicy/DomainAttributes/com.apple.siri.plist
20238,int,com.apple.backlightservices,LiveRendering,/System/Library/LifecyclePolicy/DomainAttributes/com.apple.backlightservices.plist
20239.0,float,com.apple.backlightservices,RenderSession,/System/Library/LifecyclePolicy/DomainAttributes/com.apple.backlightservices.plist
20240.0,float,com.apple.backlightservices,FetchTimeline,/System/Library/LifecyclePolicy/DomainAttributes/com.apple.backlightservices.plist
20240.0,float,com.apple.backlightservices,UpdateToSpecifier,/System/Library/LifecyclePolicy/DomainAttributes/com.apple.backlightservices.plist
20241,int,com.apple.siri,ForegroundLinkConnection,/System/Library/LifecyclePolicy/DomainAttributes/com.apple.siri.plist
20242,int,com.apple.appnap,AppVisible,/System/Library/LifecyclePolicy/DomainAttributes/com.apple.appnap.plist
20243,int,com.apple.appnap,Inactive,/System/Library/LifecyclePolicy/DomainAttributes/com.apple.appnap.plist
20244,int,com.apple.appnap,PowerAssertion,/System/Library/LifecyclePolicy/DomainAttributes/com.apple.appnap.plist
20246,int,com.apple.launchservicesd,LaunchRoleUserInteractive,/System/Library/LifecyclePolicy/DomainAttributes/com.apple.launchservicesd.plist
20246,int,com.apple.launchservicesd,RoleUserInteractive,/System/Library/LifecyclePolicy/DomainAttributes/com.apple.launchservicesd.plist
20246,int,com.apple.launchservicesd,RoleUserInteractive,/System/Library/LifecyclePolicy/DomainAttributes/com.apple.launchservicesd.plist
20246,int,com.apple.launchservicesd,RoleUserInteractive,/System/Library/LifecyclePolicy/DomainAttributes/com.apple.launchservicesd.plist
20246,int,com.apple.launchservicesd.gameconsole,LaunchRoleUserInteractive,/System/Library/LifecyclePolicy/DomainAttributes/com.apple.launchservicesd.gameconsole.plist
20246,int,com.apple.launchservicesd.gameconsole,RoleUserInteractive,/System/Library/LifecyclePolicy/DomainAttributes/com.apple.launchservicesd.gameconsole.plist
20246,int,com.apple.launchservicesd.gameconsole,RoleUserInteractive,/System/Library/LifecyclePolicy/DomainAttributes/com.apple.launchservicesd.gameconsole.plist
20246,int,com.apple.launchservicesd.gameconsole,RoleUserInteractive,/System/Library/LifecyclePolicy/DomainAttributes/com.apple.launchservicesd.gameconsole.plist
20246,int,com.apple.launchservicesd.gameconsole,RoleUserInteractiveCriticalService,/System/Library/LifecyclePolicy/DomainAttributes/com.apple.launchservicesd.gameconsole.plist
20246,int,com.apple.launchservicesd.gameconsole,RoleUserInteractiveCriticalService,/System/Library/LifecyclePolicy/DomainAttributes/com.apple.launchservicesd.gameconsole.plist
20246,int,com.apple.launchservicesd.gameconsole,RoleUserInteractiveCriticalService,/System/Library/LifecyclePolicy/DomainAttributes/com.apple.launchservicesd.gameconsole.plist
20247,int,com.apple.launchservicesd,LaunchRoleUserInteractiveFocal,/System/Library/LifecyclePolicy/DomainAttributes/com.apple.launchservicesd.plist
20247,int,com.apple.launchservicesd,RoleUserInteractiveFocal,/System/Library/LifecyclePolicy/DomainAttributes/com.apple.launchservicesd.plist
20247,int,com.apple.launchservicesd,RoleUserInteractiveFocal,/System/Library/LifecyclePolicy/DomainAttributes/com.apple.launchservicesd.plist
20247,int,com.apple.launchservicesd,RoleUserInteractiveFocal,/System/Library/LifecyclePolicy/DomainAttributes/com.apple.launchservicesd.plist
20247,int,com.apple.launchservicesd.gameconsole,LaunchRoleUserInteractiveFocal,/System/Library/LifecyclePolicy/DomainAttributes/com.apple.launchservicesd.gameconsole.plist
20247,int,com.apple.launchservicesd.gameconsole,RoleUserInteractiveFocal,/System/Library/LifecyclePolicy/DomainAttributes/com.apple.launchservicesd.gameconsole.plist
20247,int,com.apple.launchservicesd.gameconsole,RoleUserInteractiveFocal,/System/Library/LifecyclePolicy/DomainAttributes/com.apple.launchservicesd.gameconsole.plist
20247,int,com.apple.launchservicesd.gameconsole,RoleUserInteractiveFocal,/System/Library/LifecyclePolicy/DomainAttributes/com.apple.launchservicesd.gameconsole.plist
20248,int,com.apple.gamepolicyd,RoleUserInteractiveNonFocal,/System/Library/LifecyclePolicy/DomainAttributes/com.apple.gamepolicyd.plist
20248,int,com.apple.gamepolicyd,RoleUserInteractiveNonFocal,/System/Library/LifecyclePolicy/DomainAttributes/com.apple.gamepolicyd.plist
20248,int,com.apple.gamepolicyd,RoleUserInteractiveNonFocal,/System/Library/LifecyclePolicy/DomainAttributes/com.apple.gamepolicyd.plist
20248,int,com.apple.launchservicesd,LaunchRoleUserInteractiveNonFocal,/System/Library/LifecyclePolicy/DomainAttributes/com.apple.launchservicesd.plist
20248,int,com.apple.launchservicesd,RoleUserInteractiveNonFocal,/System/Library/LifecyclePolicy/DomainAttributes/com.apple.launchservicesd.plist
20248,int,com.apple.launchservicesd,RoleUserInteractiveNonFocal,/System/Library/LifecyclePolicy/DomainAttributes/com.apple.launchservicesd.plist
20248,int,com.apple.launchservicesd,RoleUserInteractiveNonFocal,/System/Library/LifecyclePolicy/DomainAttributes/com.apple.launchservicesd.plist
20248,int,com.apple.launchservicesd.gameconsole,LaunchRoleUserInteractiveNonFocal,/System/Library/LifecyclePolicy/DomainAttributes/com.apple.launchservicesd.gameconsole.plist
20248,int,com.apple.launchservicesd.gameconsole,RoleUserInteractiveNonFocal,/System/Library/LifecyclePolicy/DomainAttributes/com.apple.launchservicesd.gameconsole.plist
20248,int,com.apple.launchservicesd.gameconsole,RoleUserInteractiveNonFocal,/System/Library/LifecyclePolicy/DomainAttributes/com.apple.launchservicesd.gameconsole.plist
20248,int,com.apple.launchservicesd.gameconsole,RoleUserInteractiveNonFocal,/System/Library/LifecyclePolicy/DomainAttributes/com.apple.launchservicesd.gameconsole.plist
20249,int,com.apple.launchservicesd,LaunchRoleNonUserInteractive,/System/Library/LifecyclePolicy/DomainAttributes/com.apple.launchservicesd.plist
20249,int,com.apple.launchservicesd,RoleNonUserInteractive,/System/Library/LifecyclePolicy/DomainAttributes/com.apple.launchservicesd.plist
20249,int,com.apple.launchservicesd,RoleNonUserInteractive,/System/Library/LifecyclePolicy/DomainAttributes/com.apple.launchservicesd.plist
20249,int,com.apple.launchservicesd,RoleNonUserInteractive,/System/Library/LifecyclePolicy/DomainAttributes/com.apple.launchservicesd.plist
20249,int,com.apple.launchservicesd.gameconsole,LaunchRoleNonUserInteractive,/System/Library/LifecyclePolicy/DomainAttributes/com.apple.launchservicesd.gameconsole.plist
20249,int,com.apple.launchservicesd.gameconsole,RoleNonUserInteractive,/System/Library/LifecyclePolicy/DomainAttributes/com.apple.launchservicesd.gameconsole.plist
20249,int,com.apple.launchservicesd.gameconsole,RoleNonUserInteractive,/System/Library/LifecyclePolicy/DomainAttributes/com.apple.launchservicesd.gameconsole.plist
20249,int,com.apple.launchservicesd.gameconsole,RoleNonUserInteractive,/System/Library/LifecyclePolicy/DomainAttributes/com.apple.launchservicesd.gameconsole.plist
20250,int,com.apple.launchservicesd,LaunchRoleBackground,/System/Library/LifecyclePolicy/DomainAttributes/com.apple.launchservicesd.plist
20250,int,com.apple.launchservicesd,RoleBackground,/System/Library/LifecyclePolicy/DomainAttributes/com.apple.launchservicesd.plist
20250.0,float,com.apple.launchservicesd,RoleBackground,/System/Library/LifecyclePolicy/DomainAttributes/com.apple.launchservicesd.plist
20250.0,float,com.apple.launchservicesd,RoleBackground,/System/Library/LifecyclePolicy/DomainAttributes/com.apple.launchservicesd.plist
20250,int,com.apple.launchservicesd.gameconsole,LaunchRoleBackground,/System/Library/LifecyclePolicy/DomainAttributes/com.apple.launchservicesd.gameconsole.plist
20250,int,com.apple.launchservicesd.gameconsole,RoleBackground,/System/Library/LifecyclePolicy/DomainAttributes/com.apple.launchservicesd.gameconsole.plist
20250.0,float,com.apple.launchservicesd.gameconsole,RoleBackground,/System/Library/LifecyclePolicy/DomainAttributes/com.apple.launchservicesd.gameconsole.plist
20250.0,float,com.apple.launchservicesd.gameconsole,RoleBackground,/System/Library/LifecyclePolicy/DomainAttributes/com.apple.launchservicesd.gameconsole.plist
20251,int,com.apple.launchservicesd,LaunchRoleViewBridge,/System/Library/LifecyclePolicy/DomainAttributes/com.apple.launchservicesd.plist
20251,int,com.apple.launchservicesd,RoleViewBridge,/System/Library/LifecyclePolicy/DomainAttributes/com.apple.launchservicesd.plist
20251,int,com.apple.launchservicesd,RoleViewBridge,/System/Library/LifecyclePolicy/DomainAttributes/com.apple.launchservicesd.plist
20251,int,com.apple.launchservicesd,RoleViewBridge,/System/Library/LifecyclePolicy/DomainAttributes/com.apple.launchservicesd.plist
20251,int,com.apple.launchservicesd.gameconsole,LaunchRoleViewBridge,/System/Library/LifecyclePolicy/DomainAttributes/com.apple.launchservicesd.gameconsole.plist
20251,int,com.apple.launchservicesd.gameconsole,RoleViewBridge,/System/Library/LifecyclePolicy/DomainAttributes/com.apple.launchservicesd.gameconsole.plist
20251,int,com.apple.launchservicesd.gameconsole,RoleViewBridge,/System/Library/LifecyclePolicy/DomainAttributes/com.apple.launchservicesd.gameconsole.plist
20251,int,com.apple.launchservicesd.gameconsole,RoleViewBridge,/System/Library/LifecyclePolicy/DomainAttributes/com.apple.launchservicesd.gameconsole.plist
20252,int,com.apple.launchservicesd,LaunchRoleLaunchTAL,/System/Library/LifecyclePolicy/DomainAttributes/com.apple.launchservicesd.plist
20252,int,com.apple.launchservicesd,RoleLaunchTAL,/System/Library/LifecyclePolicy/DomainAttributes/com.apple.launchservicesd.plist
20252,int,com.apple.launchservicesd,RoleLaunchTAL,/System/Library/LifecyclePolicy/DomainAttributes/com.apple.launchservicesd.plist
20252,int,com.apple.launchservicesd,RoleLaunchTAL,/System/Library/LifecyclePolicy/DomainAttributes/com.apple.launchservicesd.plist
20252,int,com.apple.launchservicesd.gameconsole,LaunchRoleLaunchTAL,/System/Library/LifecyclePolicy/DomainAttributes/com.apple.launchservicesd.gameconsole.plist
20252,int,com.apple.launchservicesd.gameconsole,RoleLaunchTAL,/System/Library/LifecyclePolicy/DomainAttributes/com.apple.launchservicesd.gameconsole.plist
20252,int,com.apple.launchservicesd.gameconsole,RoleLaunchTAL,/System/Library/LifecyclePolicy/DomainAttributes/com.apple.launchservicesd.gameconsole.plist
20252,int,com.apple.launchservicesd.gameconsole,RoleLaunchTAL,/System/Library/LifecyclePolicy/DomainAttributes/com.apple.launchservicesd.gameconsole.plist
20253,int,com.apple.launchservicesd,PreventSuspend,/System/Library/LifecyclePolicy/DomainAttributes/com.apple.launchservicesd.plist
20253,int,com.apple.launchservicesd.gameconsole,PreventSuspend,/System/Library/LifecyclePolicy/DomainAttributes/com.apple.launchservicesd.gameconsole.plist
20255,int,com.apple.windowmanager,Running,/System/Library/LifecyclePolicy/DomainAttributes/com.apple.windowmanager.plist
20256,int,com.apple.MediaPlayer.RemotePlayerService,PlaybackEnginePrep,/System/Library/LifecyclePolicy/DomainAttributes/com.apple.MediaPlayer.RemotePlayerService.plist
20300,int,com.apple.AccessibilityUIServer,LegacyUIOverlay,/System/Library/LifecyclePolicy/DomainAttributes/com.apple.AccessibilityUIServer.plist
20301.0,float,com.apple.CoreSimulator.SimRenderingServices,SimMetalHost,/System/Library/LifecyclePolicy/DomainAttributes/com.apple.CoreSimulator.SimRenderingServices.plist
20302,int,com.apple.CoreSimulator.SimRenderingServices,SimRenderServer,/System/Library/LifecyclePolicy/DomainAttributes/com.apple.CoreSimulator.SimRenderingServices.plist
20307,int,com.apple.GameKit,MaintainConnection,/System/Library/LifecyclePolicy/DomainAttributes/com.apple.GameKit.plist
20308,int,com.apple.PassbookUIService,AngelReply,/System/Library/LifecyclePolicy/DomainAttributes/com.apple.PassbookUIService.plist
20402,int,com.apple.PerformanceTrace,traceActive,/System/Library/LifecyclePolicy/DomainAttributes/com.apple.PerformanceTrace.plist
20403,int,com.apple.chronod,DeliverEvent,/System/Library/LifecyclePolicy/DomainAttributes/com.apple.chronod.plist
20404,int,com.apple.mediaremote,Query,/System/Library/LifecyclePolicy/DomainAttributes/com.apple.mediaremote.plist
20405,int,com.apple.mediaremote,Command,/System/Library/LifecyclePolicy/DomainAttributes/com.apple.mediaremote.plist
20406,int,com.apple.chronod,LiveWidget,/System/Library/LifecyclePolicy/DomainAttributes/com.apple.chronod.plist
20408,int,com.apple.sharing.airdrop,Message,/System/Library/LifecyclePolicy/DomainAttributes/com.apple.sharing.airdrop.plist
20409,int,com.apple.GroupSessionService,FastSync,/System/Library/LifecyclePolicy/DomainAttributes/com.apple.GroupSessionService.plist
20410,int,com.apple.locationd,ShowAlert,/System/Library/LifecyclePolicy/DomainAttributes/com.apple.locationd.plist
20411,int,com.apple.widgetRenderer,GPUaccess,/System/Library/LifecyclePolicy/DomainAttributes/com.apple.widgetRenderer.plist
20412,int,com.apple.AccessibilityUIServer,AXUIServerBackground,/System/Library/LifecyclePolicy/DomainAttributes/com.apple.AccessibilityUIServer.plist
20413,int,com.apple.BackgroundAssets,PeriodicWake,/System/Library/LifecyclePolicy/DomainAttributes/com.apple.BackgroundAssets.plist
20414,int,com.apple.safetymonitor,Reconnect,/System/Library/LifecyclePolicy/DomainAttributes/com.apple.safetymonitor.plist
20416,int,com.apple.AppleMediaServices,KeepAlive,/System/Library/LifecyclePolicy/DomainAttributes/com.apple.AppleMediaServices.plist
20418,int,com.apple.freeform.USD-renderer-remote-UI,Foreground,/System/Library/LifecyclePolicy/DomainAttributes/com.apple.freeform.USD-renderer-remote-UI.plist
20422,int,com.apple.coredata.filelocks,SharedDatabaseAccess,/System/Library/LifecyclePolicy/DomainAttributes/com.apple.coredata.filelocks.plist
20423,int,com.apple.posterboard,Foreground,/System/Library/LifecyclePolicy/DomainAttributes/com.apple.posterboard.plist
20427,int,com.apple.VoiceOver,SpeechSynthesizer,/System/Library/LifecyclePolicy/DomainAttributes/com.apple.VoiceOver.plist
20501,int,com.apple.sonic.backgroundtask,SonicBackgroundTask,/System/Library/LifecyclePolicy/DomainAttributes/com.apple.sonic.backgroundtask.plist
20509,int,com.apple.JetPerformanceTools,EndTracing,/System/Library/LifecyclePolicy/DomainAttributes/com.apple.JetPerformanceTools.plist
20511,int,com.apple.networkextension,KeepRunning,/System/Library/LifecyclePolicy/DomainAttributes/com.apple.networkextension.plist
20602,int,com.apple.quicklook,Thumbnail,/System/Library/LifecyclePolicy/DomainAttributes/com.apple.quicklook.plist
20606,int,com.apple.modelmanager,BackgroundInference,/System/Library/LifecyclePolicy/DomainAttributes/com.apple.modelmanager.plist
20606,int,com.apple.modelmanager,ForegroundInference,/System/Library/LifecyclePolicy/DomainAttributes/com.apple.modelmanager.plist
20607,int,com.apple.StickerKit.StickerPickerService.prewarm,StickerPickerServicePrewarm,/System/Library/LifecyclePolicy/DomainAttributes/com.apple.StickerKit.StickerPickerService.prewarm.plist
20608,int,com.apple.JetEngine,KeepAlive,/System/Library/LifecyclePolicy/DomainAttributes/com.apple.JetEngine.plist
20615,int,com.apple.dasd,ContinuousDownload,/System/Library/LifecyclePolicy/DomainAttributes/com.apple.dasd.plist
20617,int,com.apple.chronod,WidgetExtensionRun-QOS-Utility,/System/Library/LifecyclePolicy/DomainAttributes/com.apple.chronod.plist
20617,int,com.apple.chronod,WidgetExtensionRunQOSUtility,/System/Library/LifecyclePolicy/DomainAttributes/com.apple.chronod.plist
20620,int,com.apple.FaceTime,FaceTimeNotification,/System/Library/LifecyclePolicy/DomainAttributes/com.apple.FaceTime.plist
20703,int,com.apple.DataStudies,Archive-Upload,/System/Library/LifecyclePolicy/DomainAttributes/com.apple.DataStudies.plist
20705,int,com.apple.siri,AppIntentsExtensionConnection,/System/Library/LifecyclePolicy/DomainAttributes/com.apple.siri.plist
20802,int,com.apple.dasd,BGContinuedProcessingTask,/System/Library/LifecyclePolicy/DomainAttributes/com.apple.dasd.plist
20804,int,com.apple.dasd,BGContinuedProcessingTask-GPU,/System/Library/LifecyclePolicy/DomainAttributes/com.apple.dasd.plist
20820,int,com.apple.screentimeunlock,WaitForAuth,/System/Library/LifecyclePolicy/DomainAttributes/com.apple.screentimeunlock.plist
20821,int,com.apple.foundationmodels,CompileDraftModel,/System/Library/LifecyclePolicy/DomainAttributes/com.apple.foundationmodels.plist
20822,int,com.apple.chronod,WidgetExtensionRun-QOS-UserInitiated,/System/Library/LifecyclePolicy/DomainAttributes/com.apple.chronod.plist
20823,int,com.apple.posterkit.provider,PosterDeviceMotion,/System/Library/LifecyclePolicy/DomainAttributes/com.apple.posterkit.provider.plist
20827,int,com.apple.audioAccessoryAssetManagement,AudioAccessoryAssetManagement,/System/Library/LifecyclePolicy/DomainAttributes/com.apple.audioAccessoryAssetManagement.plist
20829,int,com.apple.coredata.filelocks,DatabaseSchemaMigration,/System/Library/LifecyclePolicy/DomainAttributes/com.apple.coredata.filelocks.plist
20829,int,com.apple.posterkit.provider,Snapshotting-Photos,/System/Library/LifecyclePolicy/DomainAttributes/com.apple.posterkit.provider.plist
20830,int,com.apple.posterkit.provider,Snapshotting-Nominal,/System/Library/LifecyclePolicy/DomainAttributes/com.apple.posterkit.provider.plist
20831,int,com.apple.posterkit.provider,Snapshotting-Entitled,/System/Library/LifecyclePolicy/DomainAttributes/com.apple.posterkit.provider.plist
20838,int,com.apple.pagein-prefetching,LaunchPrefetch,/System/Library/LifecyclePolicy/DomainAttributes/com.apple.pagein-prefetching.plist
20839,int,com.apple.pasteboard,PasteboardPromiseFulfillment,/System/Library/LifecyclePolicy/DomainAttributes/com.apple.pasteboard.plist
